Designator,Footprint,Quantity,Value,LCSC Part #
C1,0402,1,100n,
C10,0402,1,C,
C11,0402,1,C,
C12,0402,1,100n,
C13,0402,1,100n,
C2,0402,1,100n,
"C3, C7, C9",CP_Elec_5x5.4,3,22u,
C4,0402,1,100n,
C5,0402,1,100n,
C6,0402,1,100n,
C8,0402,1,100n,
D1,D_SOD-323,1,15V,
D2,0603,1,PWR,
D3,0603,1,S1,
D4,0603,1,S2,
D5,D_SOD-323,1,"5,1V",
F2,0402,1,"0,2A",
"H1, H2, H3, H4",MountingHole_3.2mm_M3,4,MountingHole,
IC1,SOT-23-6,1,RY8310,
IC2,QFN-20-1EP_3x3mm_P0.4mm_EP1.65x1.65mm_ThermalVias,1,CH32V003F4U6,
"J1, J6",JST_PH_B3B-PH-K_1x03_P2.00mm_Vertical,2,Conn_01x03_Socket,
"J10, J9",Fuseholder C3130,2,F1,
J2,"TerminalBlock_Phoenix_MKDS-1,5-6_1x06_P5.00mm_Horizontal",1,Conn_01x06_Socket,
J3,TestPoint_Pad_1.5x1.5mm,1,SWD,
J4,"TerminalBlock_Phoenix_MKDS-1,5-2_1x02_P5.00mm_Horizontal",1,Conn_01x02_Pin,
J5,Tag-Connect_TC2030-IDC-NL_2x03_P1.27mm_Vertical,1,TagConnect,
J7,TestPoint_Pad_1.5x1.5mm,1,+5V,
J8,TestPoint_Pad_1.5x1.5mm,1,GND,
L1,L_0630,1,4.7u,
"Q1, Q2, Q3, Q4, Q5",AON7544,5,AON7544,
Q6,TSOT-23,1,AO3401A,
R1,0402,1,1k,
R10,0402,1,10k,
R11,0402,1,1k,
R12,0402,1,1k,
R13,0402,1,1k,
R14_2,0402,1,10k,
R14,0402,1,1M,
R15,0402,1,10k,
R16,0402,1,0,
R17,0402,1,0,
R18,0402,1,270k,
R19,0402,1,100k,
R2,0402,1,10k,
R20,0402,1,47,
R21,0402,1,47,
R22,0402,1,47,
R23,0402,1,47,
R24,0402,1,47,
R3,0402,1,100k,
R4,0402,1,52.50 k,
R5,0402,1,10k,
R6,0402,1,10k,
R7,0402,1,1k,
R8,0402,1,10k,
R9,0402,1,10k,
TH1,0402,1,Thermistor_NTC,
"U2, U4",SOIC-8_3.9x4.9mm_P1.27mm,2,MAX485E,
Y2,Crystal_SMD_3225-4Pin_3.2x2.5mm,1,Crystal_GND24,
